<?xml version="1.0" encoding="UTF-8"?>
<project-private xmlns="http://www.netbeans.org/ns/project-private/1">
    <editor-bookmarks xmlns="http://www.netbeans.org/ns/editor-bookmarks/2" lastBookmarkId="0"/>
    <open-files xmlns="http://www.netbeans.org/ns/projectui-open-files/2">
        <group>
            <file>file:/C:/Users/MSPAK/Desktop/Sem%205/SCD%20LAB/JUnitTesting%20of%20Project%20V1/test/Database_Test_cases.java</file>
            <file>file:/C:/Users/MSPAK/Desktop/Sem%205/SCD%20LAB/JUnitTesting%20of%20Project%20V1/src/Additional_Modules.java</file>
            <file>file:/C:/Users/MSPAK/Desktop/Sem%205/SCD%20LAB/JUnitTesting%20of%20Project%20V1/src/Singelton_Pattern.java</file>
            <file>file:/C:/Users/MSPAK/Desktop/Sem%205/SCD%20LAB/JUnitTesting%20of%20Project%20V1/test/Process_Test_cases.java</file>
        </group>
    </open-files>
</project-private>
